id,area,invocation,user_story,expected_behaviour,phase1_status,phase1_notes,phase2_result,phase2_notes,phase3_fix,phase4_result
CD-01,cognitive-demo,cognitive-demo (no args),"As an operator, I want a usage message when I run the tool with no command so I know the command surface.",Prints usage string listing every subcommand to stderr; exits 1.,Inventoried,,PASS,rc=1; cognitive-demo: usage: cognitive-demo <trace [--out PATH] | report --trace PATH [--out PATH] | replay --trace PATH | ask --trace PATH --question SLUG [--out PAT,none required (passed clean in Phase 2),PASS (re-confirmed post-fix)
CD-02,cognitive-demo,cognitive-demo trace [--out PATH],"As an operator, I want to emit the canonical CognitiveTrace JSON so I can inspect/replay the deterministic end-to-end trace.",Prints (or writes --out) the canonical trace JSON (~1994 bytes); pure function of fixed inputs; exact bytes with --out.,Inventoried,,PASS,rc=0;,none required (passed clean in Phase 2),PASS (re-confirmed post-fix)
CD-03,cognitive-demo,cognitive-demo report --trace PATH [--out PATH],"As an operator, I want a plain report of every trace stage so I can read it without parsing JSON.","Re-derives canonical trace, byte-compares provided file, renders report; refuses tampered/foreign trace (exit 1).",Inventoried,,PASS,rc=0; COGNITIVE OS — END-TO-END TRACE REPORT,none required (passed clean in Phase 2),PASS (re-confirmed post-fix)
CD-04,cognitive-demo,cognitive-demo replay --trace PATH,"As an operator, I want to confirm a trace is the byte-identical canonical trace so I can trust it.",Re-derives canonical trace; prints 'replay: OK ...' if byte-identical else fails closed (exit 1).,Inventoried,,PASS,rc=0; replay: OK — the trace is the byte-identical canonical trace,none required (passed clean in Phase 2),PASS (re-confirmed post-fix)
CD-05,cognitive-demo,cognitive-demo ask --trace PATH --question SLUG [--out PATH],"As an operator, I want to answer one enumerated audit question about a trace so I get a grounded prose answer.","Re-derives/verifies trace, answers one of 8 enumerated slugs; unknown slug fails closed; missing --question errors.",Inventoried,,PASS,rc=0; WAS ANYTHING EXECUTED?  No. || PROBE-unknown-slug: rc=1 cognitive-demo: unknown question 'not-a-real-slug' — run `cognitive-demo questions` for the finite set,none required (passed clean in Phase 2),PASS (re-confirmed post-fix)
CD-06,cognitive-demo,cognitive-demo questions,"As an operator, I want to list the finite audit-question menu so I know what I can ask.",Prints the 8 question slugs with descriptions; no trace needed.,Inventoried,,PASS,"rc=0; cognitive-demo — audit questions (finite, enumerated; ask one with `ask --question <slug>`):",none required (passed clean in Phase 2),PASS (re-confirmed post-fix)
CD-07,cognitive-demo,cognitive-demo bundle --out DIR,"As an operator, I want a reproducible 4-file repro pack so I can share a verifiable demonstration.","Writes trace.json, report.txt, questions.txt, manifest.json into DIR; prints summary + boundary.",Inventoried,,PASS,rc=0; bundle: wrote 4 files to pack,none required (passed clean in Phase 2),PASS (re-confirmed post-fix)
CD-08,cognitive-demo,cognitive-demo bundle-verify --path DIR,"As an operator, I want to verify a repro pack so I can detect any tamper.","Re-derives every bundle file from canonical trace, byte-compares; refuses missing/tampered/foreign file (exit 1).",Inventoried,,PASS,rc=0; bundle-verify: OK — every bundle file re-derives byte-identically from the canonical trace,none required (passed clean in Phase 2),PASS (re-confirmed post-fix)
CD-09,cognitive-demo,cognitive-demo scenarios,"As an operator, I want to list the scenario set so I know which deterministic paths exist.","Prints 4 scenarios (happy-boundary, review-rejected, review-deferred, high-risk-blocked).",Inventoried,,PASS,rc=0; cognitive-demo — deterministic scenarios (each proves the SAME authority boundary):,none required (passed clean in Phase 2),PASS (re-confirmed post-fix)
CD-10,cognitive-demo,cognitive-demo scenario-pack --out DIR,"As an operator, I want a pack of all scenario bundles so I can audit every path.",Writes 4 scenario bundle subdirs (16 files) + pack-manifest.json; prints summary.,Inventoried,,PASS,rc=0; scenario-pack: wrote 4 scenarios (16 bundle files) + pack-manifest.json to scn,none required (passed clean in Phase 2),PASS (re-confirmed post-fix)
CD-11,cognitive-demo,cognitive-demo scenario-verify --path DIR,"As an operator, I want to verify the scenario pack so I can detect tamper across every scenario.","Re-derives every scenario bundle + manifest, byte-compares; refuses tamper (exit 1).",Inventoried,,PASS,rc=0; scenario-verify: OK — every scenario bundle and the pack manifest re-derive byte-identically,none required (passed clean in Phase 2),PASS (re-confirmed post-fix)
CD-12,cognitive-demo,cognitive-demo scenario-matrix --pack DIR [--out PATH],"As an operator, I want a coverage matrix over the scenario pack so I can see all boundaries hold.","Verifies pack, then emits canonical 4x4 coverage matrix JSON (re-derived; pack untrusted).",Inventoried,,PASS,rc=0;,none required (passed clean in Phase 2),PASS (re-confirmed post-fix)
CD-13,cognitive-demo,cognitive-demo scenario-matrix-report --matrix PATH [--out PATH],"As an operator, I want a readable matrix report so I can review coverage in prose.","Verifies provided matrix IS canonical, renders report; refuses tampered matrix (exit 1).",Inventoried,,PASS,rc=0; COGNITIVE OS — SCENARIO BOUNDARY COVERAGE MATRIX,none required (passed clean in Phase 2),PASS (re-confirmed post-fix)
CD-14,cognitive-demo,cognitive-demo scenario-matrix-verify --pack DIR --matrix PATH,"As an operator, I want to verify both pack and matrix so I can trust the coverage claim.","Re-derives pack AND matrix, byte-compares both; refuses either tamper (exit 1).",Inventoried,,PASS,rc=0; scenario-matrix-verify: OK — the scenario pack and the coverage matrix re-derive byte-identically,none required (passed clean in Phase 2),PASS (re-confirmed post-fix)
CD-15,cognitive-demo,cognitive-demo failure-cases,"As an operator, I want to list the forged negative scenarios so I know which attacks are tested.",Prints 7 forged authority cases (execution/evidence/promotion/training/review/report/matrix).,Inventoried,,PASS,rc=0; cognitive-demo — deterministic failure cases (each forges forbidden authority and is rejected):,none required (passed clean in Phase 2),PASS (re-confirmed post-fix)
CD-16,cognitive-demo,cognitive-demo failure-pack --out DIR,"As an operator, I want proof that forged authority claims are rejected so I trust fail-closed behaviour.","Runs every forgery through verifiers, records each REJECTED; writes 2 files; nothing forged persisted as trusted.",Inventoried,,PASS,rc=0; failure-pack: wrote 2 files to fp (every forged authority claim REJECTED),none required (passed clean in Phase 2),PASS (re-confirmed post-fix)
CD-17,cognitive-demo,cognitive-demo failure-verify --path DIR,"As an operator, I want to verify the failure pack so I can detect tamper of the rejection record.","Re-derives failure pack (re-runs forgeries), byte-compares; refuses tamper (exit 1).",Inventoried,,PASS,rc=0; failure-verify: OK — the failure pack re-derives byte-identically; every forged claim stays rejected,none required (passed clean in Phase 2),PASS (re-confirmed post-fix)
CD-18,cognitive-demo,cognitive-demo doc-trace --input PATH [--out PATH],"As an operator, I want to trace a local document so I can run the pipeline on my own text.","Path-validated/confined read; verifies document first span via frozen reader, builds same trace; fails closed if read unverified.",Inventoried,,PASS,rc=0; || PROBE-absolute-input: rc=1 cognitive-demo: refusing unsafe input path '/etc/hostname' — the document flow reads only a local file inside the working directory,none required (passed clean in Phase 2),PASS (re-confirmed post-fix)
CD-19,cognitive-demo,cognitive-demo doc-report --input PATH --trace PATH [--out PATH],"As an operator, I want a report for my document's trace so I can read its stages.","Re-derives trace from same --input, byte-compares --trace, renders report; refuses tamper (exit 1).",Inventoried,,PASS,rc=0; COGNITIVE OS — END-TO-END TRACE REPORT,none required (passed clean in Phase 2),PASS (re-confirmed post-fix)
CD-20,cognitive-demo,cognitive-demo doc-bundle --input PATH --out DIR,"As an operator, I want a repro bundle over my document so I can share it verifiably.",Writes 4-file bundle derived from the document's verified trace.,Inventoried,,PASS,rc=0; doc-bundle: wrote 4 files to docpack,none required (passed clean in Phase 2),PASS (re-confirmed post-fix)
CD-21,cognitive-demo,cognitive-demo doc-bundle-verify --input PATH --path DIR,"As an operator, I want to verify my document bundle so I can detect tamper of doc or bundle.","Re-derives bundle from same --input, byte-compares every file; refuses tampered doc or bundle file (exit 1).",Inventoried,,PASS,rc=0; doc-bundle-verify: OK — every bundle file re-derives byte-identically from the operator document,none required (passed clean in Phase 2),PASS (re-confirmed post-fix)
CD-22,cognitive-demo,cognitive-demo doc-scenarios,"As an operator, I want to list document-flow input scenarios so I know which inputs are tested.",Prints the document-flow input-scenario set (1 valid + invalid inputs).,Inventoried,,PASS,rc=0; cognitive-demo — document-flow input scenarios (each proves an input-integrity property):,E3 FIX: added to the OPERATOR_MANUAL.md command-surface listing (command existed in the binary but was undocumented).,PASS — command now documented; operator_smoke manual-drift guard green; behaviour unchanged
CD-23,cognitive-demo,cognitive-demo doc-scenario-pack --out DIR,"As an operator, I want a pack of document-input outcomes so I can audit valid/invalid handling.","Runs every doc scenario (1 valid + 8 invalid REFUSED), writes observed-outcome record + report.",Inventoried,,PASS,rc=0; doc-scenario-pack: wrote 2 files to docscn (1 valid + 8 invalid inputs; every invalid input REFUSED),E3 FIX: added to the OPERATOR_MANUAL.md command-surface listing (command existed in the binary but was undocumented).,PASS — command now documented; operator_smoke manual-drift guard green; behaviour unchanged
CD-24,cognitive-demo,cognitive-demo doc-scenario-verify --path DIR,"As an operator, I want to verify the doc-scenario pack so I can detect tamper.","Re-derives the doc-scenario pack (re-runs scenarios), byte-compares; refuses tamper (exit 1).",Inventoried,,PASS,rc=0; doc-scenario-verify: OK — the document-scenario pack re-derives byte-identically; every input outcome stands,E3 FIX: added to the OPERATOR_MANUAL.md command-surface listing (command existed in the binary but was undocumented).,PASS — command now documented; operator_smoke manual-drift guard green; behaviour unchanged
CD-25,cognitive-demo,cognitive-demo doc-scenario-matrix --path DIR [--out PATH],"As an operator, I want a doc input-integrity matrix so I can see all input outcomes hold.","Verifies pack, then emits doc input-integrity matrix (re-derived from scenario set).",Inventoried,,PASS,rc=0;,E3 FIX: added to the OPERATOR_MANUAL.md command-surface listing (command existed in the binary but was undocumented).,PASS — command now documented; operator_smoke manual-drift guard green; behaviour unchanged
CD-26,cognitive-demo,cognitive-demo corpus-trace --input-dir DIR [--out PATH],"As an operator, I want to trace a local .txt corpus so I can run the pipeline over many documents.","Enumerates/filters/sorts non-hidden .txt (path-confined), verifies corpus first span, builds trace hash-bound to all docs; fails closed on empty corpus.",Inventoried,,PASS,rc=0;,none required (passed clean in Phase 2),PASS (re-confirmed post-fix)
CD-27,cognitive-demo,cognitive-demo corpus-report --input-dir DIR --trace PATH [--out PATH],"As an operator, I want a corpus report with source selection so I can see which doc/span grounded the answer.","Re-derives trace from same corpus, byte-compares, renders report + SOURCE SELECTION; refuses tamper (exit 1).",Inventoried,,PASS,rc=0; COGNITIVE OS — END-TO-END TRACE REPORT,none required (passed clean in Phase 2),PASS (re-confirmed post-fix)
CD-28,cognitive-demo,cognitive-demo corpus-bundle --input-dir DIR --out DIR,"As an operator, I want a repro bundle over my corpus so I can share it verifiably.",Writes 5-file bundle (corpus-source.json + 4) derived from the corpus's verified trace.,Inventoried,,PASS,rc=0; corpus-bundle: wrote 5 files to corppack,none required (passed clean in Phase 2),PASS (re-confirmed post-fix)
CD-29,cognitive-demo,cognitive-demo corpus-bundle-verify --input-dir DIR --path DIR,"As an operator, I want to verify my corpus bundle so I can detect tamper of any document or file.","Re-derives bundle from same corpus, byte-compares; refuses tampered doc (grounding OR side) or file (exit 1).",Inventoried,,PASS,rc=0; corpus-bundle-verify: OK — every bundle file re-derives byte-identically from the operator corpus,none required (passed clean in Phase 2),PASS (re-confirmed post-fix)
CD-30,cognitive-demo,cognitive-demo corpus-scenarios,"As an operator, I want to list corpus-flow input scenarios so I know which inputs are tested.",Prints the corpus-flow input-scenario set (1 valid + invalid inputs).,Inventoried,,PASS,rc=0; cognitive-demo — corpus-flow input scenarios (each proves an input-integrity property):,E3 FIX: added to the OPERATOR_MANUAL.md command-surface listing (command existed in the binary but was undocumented).,PASS — command now documented; operator_smoke manual-drift guard green; behaviour unchanged
CD-31,cognitive-demo,cognitive-demo corpus-scenario-pack --out DIR,"As an operator, I want a pack of corpus-input outcomes so I can audit valid/invalid handling.","Runs every corpus scenario (1 valid + 12 invalid REFUSED), writes observed-outcome record + report.",Inventoried,,PASS,rc=0; corpus-scenario-pack: wrote 2 files to corpscn (1 valid + 12 invalid inputs; every invalid input REFUSED),E3 FIX: added to the OPERATOR_MANUAL.md command-surface listing (command existed in the binary but was undocumented).,PASS — command now documented; operator_smoke manual-drift guard green; behaviour unchanged
CD-32,cognitive-demo,cognitive-demo corpus-scenario-verify --path DIR,"As an operator, I want to verify the corpus-scenario pack so I can detect tamper.","Re-derives the corpus-scenario pack (re-runs scenarios), byte-compares; refuses tamper (exit 1).",Inventoried,,PASS,rc=0; corpus-scenario-verify: OK — the corpus-scenario pack re-derives byte-identically; every input outcome stands,E3 FIX: added to the OPERATOR_MANUAL.md command-surface listing (command existed in the binary but was undocumented).,PASS — command now documented; operator_smoke manual-drift guard green; behaviour unchanged
CD-33,cognitive-demo,cognitive-demo corpus-scenario-matrix --path DIR [--out PATH],"As an operator, I want a corpus input-integrity matrix so I can see all input outcomes hold.","Verifies pack, then emits corpus input-integrity matrix incl. source identity + whole_corpus_bound fact.",Inventoried,,PASS,rc=0;,E3 FIX: added to the OPERATOR_MANUAL.md command-surface listing (command existed in the binary but was undocumented).,PASS — command now documented; operator_smoke manual-drift guard green; behaviour unchanged
CD-34,cognitive-demo,cognitive-demo novelty-packet --input-dir DIR --corpus-trace PATH --frame PATH [--out PATH],"As an operator, I want a hypothesis-only novelty packet so I can propose assumption-breaks bound to verified receipts.","Re-derives corpus trace, verifies --corpus-trace, emits NoveltyPacket (authority hypothesis_only; preserved facts=verified spans; probes execute:false); refuses unsupported fact/empty frame/stripped trace.",Inventoried,,PASS,rc=0;,none required (passed clean in Phase 2),PASS (re-confirmed post-fix)
CD-35,cognitive-demo,cognitive-demo novelty-report --input-dir DIR --frame PATH --packet PATH [--out PATH],"As an operator, I want a readable novelty report so I can review the proposal.","Re-derives packet from same corpus+frame, byte-compares --packet, renders proposal report; refuses tamper (exit 1).",Inventoried,,PASS,"rc=0; NOVELTY PACKET (PROPOSAL ONLY — hypothesis_only, not truth)",none required (passed clean in Phase 2),PASS (re-confirmed post-fix)
CD-36,cognitive-demo,cognitive-demo novelty-replay --input-dir DIR --frame PATH --packet PATH,"As an operator, I want to confirm a novelty packet replays byte-identically so I trust its determinism.","Re-derives packet, requires byte-identical; prints OK summary; refuses tamper (exit 1).",Inventoried,,PASS,rc=0; novelty-replay: OK — the packet re-derives byte-identically from the corpus and frame (deterministic). It proposes; it does not prove.,none required (passed clean in Phase 2),PASS (re-confirmed post-fix)
CD-37,cognitive-demo,cognitive-demo dream-export --input-dir DIR --frame PATH [--seed N] [--weirdness W] [--dream-packet PATH] [--out PATH],"As an operator, I want to bridge a dream packet into the hypothesis-only path so dream-origin material stays auditable but un-authoritative.","Re-derives terminal DreamPacket (default seed=42,weirdness=2), bridges via existing propose(); emits DreamExportReceipt+HypothesisPacket (hypothesis_only); refuses tampered --dream-packet; weirdness bounded 0..=5.",Inventoried,,PASS,"rc=0; || PROBE-weirdness-oob: rc=1 cognitive-demo: dream export refused: weirdness 99 is outside 0..=5 || PROBE-weirdness-nan: rc=1 cognitive-demo: --weirdness must be an integer, got 'abc'",none required (passed clean in Phase 2),PASS (re-confirmed post-fix)
CD-38,cognitive-demo,cognitive-demo dream-export-report --input-dir DIR --frame PATH [--seed N] [--weirdness W] --export PATH [--out PATH],"As an operator, I want a provenance report for a dream export so I can audit dream origin.","Re-derives export bundle from same corpus+frame+dials, byte-compares --export, renders provenance report; refuses tamper (exit 1).",Inventoried,,PASS,"rc=0; DREAM EXPORT (PROVENANCE BRIDGE — hypothesis_only, dream_origin)",none required (passed clean in Phase 2),PASS (re-confirmed post-fix)
CD-39,cognitive-demo,cognitive-demo dream-export-replay --input-dir DIR --frame PATH [--seed N] [--weirdness W] --export PATH,"As an operator, I want to confirm a dream export replays byte-identically so I trust its determinism.","Re-derives export bundle, requires byte-identical; prints OK summary; refuses tamper (exit 1).",Inventoried,,PASS,rc=0; dream-export-replay: OK — the export bundle re-derives byte-identically from the corpus and frame (deterministic). Dream origin is preserved; the exported mat,none required (passed clean in Phase 2),PASS (re-confirmed post-fix)
ASK-01,cognitive-demo:ask,cognitive-demo ask --trace trace.json --question what-read,"As an operator, I want to ask 'what-read' so I learn what the reading stage read and verified.",Prose answer formatted from the trace's recorded fields (never a new verdict); trace re-derived/verified first.,Inventoried,,PASS,rc=0; READING — verifies,none required (passed clean in Phase 2),PASS (re-confirmed post-fix)
ASK-02,cognitive-demo:ask,cognitive-demo ask --trace trace.json --question what-was-proven,"As an operator, I want to ask 'what-was-proven' so I learn what was actually proven (only the reading receipt).",Prose answer formatted from the trace's recorded fields (never a new verdict); trace re-derived/verified first.,Inventoried,,PASS,rc=0; PROVEN — exactly one thing: the reading receipt passed verification.,none required (passed clean in Phase 2),PASS (re-confirmed post-fix)
ASK-03,cognitive-demo:ask,cognitive-demo ask --trace trace.json --question what-was-hypothesized,"As an operator, I want to ask 'what-was-hypothesized' so I learn what was hypothesized (a proposal, not a claim).",Prose answer formatted from the trace's recorded fields (never a new verdict); trace re-derived/verified first.,Inventoried,,PASS,"rc=0; HYPOTHESIS — proposes (a proposal, NOT a claim and NOT proof)",none required (passed clean in Phase 2),PASS (re-confirmed post-fix)
ASK-04,cognitive-demo:ask,cognitive-demo ask --trace trace.json --question what-probe-was-requested,"As an operator, I want to ask 'what-probe-was-requested' so I learn what probe was requested (a queued record).",Prose answer formatted from the trace's recorded fields (never a new verdict); trace re-derived/verified first.,Inventoried,,PASS,"rc=0; PROBE REQUEST — classifies (a queued record, NOT an execution and NOT evidence)",none required (passed clean in Phase 2),PASS (re-confirmed post-fix)
ASK-05,cognitive-demo:ask,cognitive-demo ask --trace trace.json --question was-anything-executed,"As an operator, I want to ask 'was-anything-executed' so I learn whether anything executed (no).",Prose answer formatted from the trace's recorded fields (never a new verdict); trace re-derived/verified first.,Inventoried,,PASS,rc=0; WAS ANYTHING EXECUTED?  No.,none required (passed clean in Phase 2),PASS (re-confirmed post-fix)
ASK-06,cognitive-demo:ask,cognitive-demo ask --trace trace.json --question did-anything-become-evidence,"As an operator, I want to ask 'did-anything-become-evidence' so I learn whether anything became evidence (no).",Prose answer formatted from the trace's recorded fields (never a new verdict); trace re-derived/verified first.,Inventoried,,PASS,rc=0; DID ANYTHING BECOME EVIDENCE?  No.,none required (passed clean in Phase 2),PASS (re-confirmed post-fix)
ASK-07,cognitive-demo:ask,cognitive-demo ask --trace trace.json --question why-was-promotion-refused,"As an operator, I want to ask 'why-was-promotion-refused' so I learn why the promotion was refused.",Prose answer formatted from the trace's recorded fields (never a new verdict); trace re-derived/verified first.,Inventoried,,PASS,rc=0; WHY WAS PROMOTION REFUSED?,none required (passed clean in Phase 2),PASS (re-confirmed post-fix)
ASK-08,cognitive-demo:ask,cognitive-demo ask --trace trace.json --question did-training-open,"As an operator, I want to ask 'did-training-open' so I learn whether training opened (no).",Prose answer formatted from the trace's recorded fields (never a new verdict); trace re-derived/verified first.,Inventoried,,PASS,rc=0; DID TRAINING OPEN?  No.,none required (passed clean in Phase 2),PASS (re-confirmed post-fix)
RD-01,read0,read0 run <docs_dir> <question> <plan.json> <out.json>,"As an operator, I want to run a real-corpus reading so I get a verified reading receipt.","Runs reader over docs_dir with question+plan, writes out.json, prints 'verified: <answer>'.",Inventoried,,PASS,rc=0; verified: Bridge B stayed open. || PROBE-read0-noargs: rc=1 usage:,none required (passed clean in Phase 2),PASS (re-confirmed post-fix)
RD-02,read0,read0 verify <out.json>,"As an operator, I want to verify a reading receipt so I can trust its integrity.",Prints passed/grounded/answer_supported/replay_matches/integrity; warns on legacy/downgraded integrity token.,Inventoried,,PASS,rc=0; verify: passed=true grounded=true answer_supported=true replay_matches=true integrity=structure_bound,none required (passed clean in Phase 2),PASS (re-confirmed post-fix)
RD-03,read0,read0 replay <out.json>,"As an operator, I want to replay a reading so I can confirm it reproduces.",Re-derives the run; prints 'replay: MATCH' or fails (exit 1).,Inventoried,,PASS,rc=0; replay: MATCH,none required (passed clean in Phase 2),PASS (re-confirmed post-fix)
VB-01,vibe,vibe run <scenario.json> [out.json],"As an operator, I want to record a deterministic run so I have a replayable artifact.","Runs scenario; prints recorded JSON (or writes out.json with tick count, final vibe, run_hash).",Inventoried,,PASS,"rc=0; recorded 3 ticks (final vibe 0, run_hash ea52159e5450b858) -> /tmp/tmp.BDvP6vnPrH/run.json || PROBE-vibe-noargs: rc=1 error: usage: vibe <run <scenario.json> [out.json] | replay <run.json> | verify <run.json>>",none required (passed clean in Phase 2),PASS (re-confirmed post-fix)
VB-02,vibe,vibe replay <recorded_run.json>,"As an operator, I want to replay a recorded run so I can confirm the hash matches.",Re-derives run; prints recomputed vs recorded run_hash + MATCH/MISMATCH.,Inventoried,,PASS,rc=0; replay 3 ticks: run_hash ea52159e5450b858 (recorded ea52159e5450b858) -> MATCH,none required (passed clean in Phase 2),PASS (re-confirmed post-fix)
VB-03,vibe,vibe verify <recorded_run.json>,"As an operator, I want to verify a recorded run is authentic so I can trust it.","Prints 'verify: OK (authentic, reproducible)' or errors 'verify: FAILED' (exit 1) on tamper.",Inventoried,,PASS,"rc=0; verify: OK (authentic, reproducible)",none required (passed clean in Phase 2),PASS (re-confirmed post-fix)
EX-01,example,cargo run -p reading-corpus-eval --example pack_report,"As an operator, I want the read0 reader scored against the real-corpus fixture pack so I confirm grounded answers verify and no unsafe answer slips through.","Builds READ-4 fixtures in a temp workdir, runs read/verify/replay per fixture, prints correct/total + false-grounded/false-reject counts; exits non-zero if <10 fixtures or any false-grounded.",Inventoried,"Writes fixtures under a temp dir, self-cleans via Drop.",PASS,"rc=0; read0 corpus pack: 15/15 correct over 15 fixtures  (0 false-grounded, 0 false-rejects)",none required (passed clean in Phase 2),PASS (re-confirmed post-fix)
EX-02,example,cargo run -p cognitive-demo --example cognitive_trace_demo,"As an auditor, I want the full deterministic cognitive pipeline emitted as one JSON trace so I can replay-diff and verify safety verdicts.","Builds CognitiveTrace::demo(), prints byte-deterministic auditable JSON; exits 1 if pipeline cannot produce a faithful trace.",Inventoried,,PASS,rc=0; {,none required (passed clean in Phase 2),PASS (re-confirmed post-fix)
EX-03,example,cargo run -p hypothesis-layer --example hypothesis_report,"As a developer, I want a fixed hypothesis proposed from cited evidence printed as JSON so I verify deterministic trace-replay scoring at HYP-0.","Proposes one fixed HypothesisSpec via propose(), prints packet as pretty JSON (byte-identical); exits FAILURE on propose/serialize error.",Inventoried,,PASS,rc=0; {,none required (passed clean in Phase 2),PASS (re-confirmed post-fix)
EX-04,example,cargo run -p hypothesis-layer --example probe_queue_report,"As an operator, I want hypotheses classified into a probe queue so I see which probes are execution-eligible without anything running.","Derives ProbeQueue from four fixed hypotheses, prints total + execution_eligible count + queue JSON; executes no probe; exits 0.",Inventoried,,PASS,rc=0; {,none required (passed clean in Phase 2),PASS (re-confirmed post-fix)
EX-05,example,cargo run -p hypothesis-layer --example review_log_report,"As a governance reviewer, I want review decisions on fixed probes logged as JSON so I confirm blocked/automated approvals are refused.","Records ReviewReceipts over four probes, prints total/approved + policy assertions (blocked-approve and automated-review refused) as JSON; exits 0.",Inventoried,,PASS,rc=0; {,none required (passed clean in Phase 2),PASS (re-confirmed post-fix)
EX-06,example,cargo run -p hypothesis-layer --example execution_intent_report,"As an operator, I want execution intents recorded from reviews so I confirm approvals only record (never execute) and rejections stay blocked.","Records ProbeExecutionIntents from four reviews, prints total/cleared + policy assertions (approved records not_executed) as JSON; exits 0.",Inventoried,,PASS,rc=0; {,none required (passed clean in Phase 2),PASS (re-confirmed post-fix)
EX-07,example,cargo run -p hypothesis-layer --example observation_receipt_report,"As an operator, I want probe observations quarantined so I confirm nothing is recorded as evidence at HYP-4.","Records ProbeObservationReceipts from three intents, prints total/recorded + quarantine assertions (none recorded) as JSON; exits 0.",Inventoried,,PASS,rc=0; {,none required (passed clean in Phase 2),PASS (re-confirmed post-fix)
EX-08,example,cargo run -p hypothesis-layer --example promotion_request_report,"As an operator, I want promotion requests printed so I confirm nothing becomes evidence at HYP-5.","Records PromotionRequests over three targets, prints total/promoted + assertions (no promotion granted) as JSON; exits 0.",Inventoried,,PASS,rc=0; {,none required (passed clean in Phase 2),PASS (re-confirmed post-fix)
EX-09,example,cargo run -p reading-adapter --example baseline_report,"As a developer, I want the baseline model's failure profile measured against the hardened codec so I confirm the safety boundary holds.","Runs baseline_report, prints finalized/total, accepted-partial/rejected, failure histogram, per-entry outcomes; exits 1 if verbatim-grounded fails to finalize or fabricated claim not rejected.",Inventoried,,PASS,"rc=0; baseline profile: 1 finalized / 7 total  (1 accepted-partial, 5 rejected)",none required (passed clean in Phase 2),PASS (re-confirmed post-fix)
EX-10,example,cargo run -p reading-codec --example eval_report,"As a developer, I want the codec eval battery under strict policy so I gate that every fixture's decision matches its required decision.","Runs evaluate(CodecPolicy::strict()), prints passed/total/failed + per-fixture PASS/FAIL; exits 1 if any fixture diverges.",Inventoried,,PASS,"rc=0; codec eval (strict): 11/11 passed, 0 failed",none required (passed clean in Phase 2),PASS (re-confirmed post-fix)
EX-11,example,cargo run -p reading-eval --example eval_report,"As a developer, I want the codec eval scored with false-accept/reject lists and a recommended next change so I gate training readiness.","Runs run(), prints correct/total, false-accepts/rejects, per-category tallies, next_change; exits 1 if <30 fixtures or any false-accept.",Inventoried,,PASS,"rc=0; codec eval: 37/37 correct over 37 fixtures  (0 false-accepts, 0 false-rejects)",none required (passed clean in Phase 2),PASS (re-confirmed post-fix)
EX-12,example,cargo run -p reading-train-gate --example decision_report,"As an operator, I want the training-justification decision printed so I see whether training is justified and why it is blocked.","Runs decide_from_eval(), prints training_justified, safety_fix_required, reason, cited failures/blockers; currently blocked 'no' exits 0; exits 1 if claims justified without clean failures.",Inventoried,,PASS,rc=0; training_justified: false,none required (passed clean in Phase 2),PASS (re-confirmed post-fix)
EX-13,example,cargo run -p reading-autonomy --example autonomous_read,"As a developer, I want the bounded autonomous reader run over the canonical corpus so I confirm its grounded plan finalizes a verifier-approved answer.","Runs read() with default ReaderBounds, prints question, bounds, used steps/spans/attempts, decision; exits 1 if no verified answer finalized.",Inventoried,,PASS,rc=0; question: Which bridge is safe to cross after the storm?,none required (passed clean in Phase 2),PASS (re-confirmed post-fix)
EX-14,example,cargo run -p reading-autonomous-eval --example autonomous_pack_report,"As a developer, I want the autonomous reader compared to hand-plans so I confirm it verifies answers with zero false-grounded.","Runs evaluate_autonomous_pack() over READ-4 fixtures, prints manual-vs-autonomous aggregates + per-fixture tags; exits FAILURE if any false-grounded.",Inventoried,,PASS,rc=0; autonomous pack over 15 READ-4 fixtures (bounds: max_steps=64 max_spans=8 max_finalize_attempts=1),none required (passed clean in Phase 2),PASS (re-confirmed post-fix)
EX-15,example,cargo run -p reading-budgeted-eval --example budgeted_pack_report,"As a developer, I want the budgeted selective reader compared to the blunt reader so I confirm it focuses claims without false-grounded answers.","Runs evaluate_budgeted_pack(), prints blunt-vs-budgeted claim counts, focus/answered/coverage tallies, per-fixture outcomes; exits FAILURE if any budgeted answer false-grounded.",Inventoried,,PASS,rc=0; budgeted pack over 15 READ-4 fixtures (bounds: max_steps=64 max_spans=8 max_finalize_attempts=1),none required (passed clean in Phase 2),PASS (re-confirmed post-fix)
EX-16,example,cargo run -p reading-ranked-eval --example ranked_pack_report,"As a developer, I want the title-ranked reader checked for no-regression vs budgeted plus a title-priority win so I confirm ranking only reorders safely.","Runs evaluate_ranked_pack()+title_priority_demo(), prints answered/coverage/regression/false-grounded counts + demo result; exits FAILURE on any false-grounded/regression/missing win.",Inventoried,,PASS,rc=0; ranked pack over 15 READ-4 fixtures (bounds: max_steps=64 max_spans=8 max_finalize_attempts=1),none required (passed clean in Phase 2),PASS (re-confirmed post-fix)
EX-17,example,cargo run -p reading-section-eval --example section_pack_report,"As a developer, I want the section-aware reader checked for no-regression plus heading/multi-term wins so I confirm section ranking only reorders safely.","Runs evaluate_section_pack()+section_priority_demo(), prints answered/coverage/regression/false-grounded counts + demo; exits FAILURE on any false-grounded/regression/missing win.",Inventoried,,PASS,rc=0; section pack over 15 READ-4 fixtures (bounds: max_steps=64 max_spans=8 max_finalize_attempts=1),none required (passed clean in Phase 2),PASS (re-confirmed post-fix)
PY-01,python-script,library-only (imported by bridge_world_demo and others),"As an operator, I want attention scoring/mode/backpressure helpers so the cognitive loop prioritises and coalesces packets deterministically.","Pure helpers: admission_score, score_packet, choose_mode, memory_backpressure, coalesce_anomalies. No I/O, no main.",Inventoried,Library-only by design.,PASS,rc=0; import-ok attention_manager,none required (passed clean in Phase 2),PASS (re-confirmed post-fix)
PY-02,python-script,"python3 scripts/attention_review_audit.py --scenario NAME (reflex_mode_correctly_triggered, reflex_mode_false_alarm, interrupt_storm_recovery_replay)","As an operator, I want to replay an attention-mode review trace so I audit that attention correction never became authority correction.","Loads scenario, prints JSON audit (classification, review_status, *_authority_changed=False, raw-packet preservation); usage on missing flag.",Inventoried,Bad --scenario name raises raw FileNotFoundError traceback.,PASS,rc=0; { || PROBE-attn-bad: rc=1 Traceback (most recent call last):,E1 FIX: unknown --scenario now prints a clean 'unknown scenario' message listing available scenarios (was a raw FileNotFoundError traceback). Central fix in bridge_world_demo.load_scenario + private _load_scenario in ingest_experience/semantic_candidate_extractor.,PASS — fix verified: clean error on bad input; valid-scenario output unchanged; cargo test + release_check green
PY-03,python-script,python3 scripts/author_governed_signers.py (no args; one-time authoring tool),"As an operator, I want to regenerate the v0.2 governed signer registry + Sprint-31 scenarios so signer lifecycle/scope governance is provable.","Generates fresh Ed25519 keys (private discarded), writes authorized_design_signers.json v0.2 + 6 governance scenario JSONs; prints paths; preserves committed design_authority key.",Inventoried,Destructive/non-idempotent: overwrites committed registry+scenarios; no --help/guard; not in release_check.,NOT-RUN,rc=NA; destructive authoring tool — intentionally not run (regenerates keys/overwrites committed files),none required (passed clean in Phase 2),"NOT-RUN (by design: destructive one-time authoring tool, excluded from gates)"
PY-04,python-script,python3 scripts/author_mechanism_scenarios.py (no args; one-time authoring tool),"As an operator, I want to author 5 mechanism-source scenarios + a governed mechanism signer so gate-code weakenings are caught by content-hash + probe.","Reads verifier_engine.py as post-image, builds preserving/weakening change_sets bound by content hash, writes 5 scenario JSONs + adds mechanism_authority key; SystemExit if protected branch text missing.",Inventoried,Non-idempotent: regenerates keys/scenarios; must be followed by mechanism_provenance.py --build; no --help/guard.,NOT-RUN,rc=NA; destructive authoring tool — intentionally not run (regenerates keys/overwrites committed files),none required (passed clean in Phase 2),"NOT-RUN (by design: destructive one-time authoring tool, excluded from gates)"
PY-05,python-script,"python3 scripts/backend_api.py [port] [db_path] (default 8765, data/cognitive_os.sqlite3)","As an operator, I want a local HTTP API over traces/memory/packets so the dashboard and tools can query cognitive-OS state.","Starts ThreadingHTTPServer on 127.0.0.1; GET /health,/packets,/traces/,/memory/,/system-state, POST /input,/simulate/scenario; seeds static memory; serves forever.",Inventoried,"Blocking serve_forever, no shutdown flag; invalid port raises ValueError traceback; write endpoints no auth/rate-limit.",PASS,"rc=0; health 200 (server bind+GET /health OK; build_server(db_path,port))",E1 FIX: backend_api /simulate/scenario now returns HTTP 404 {unknown_scenario} for an unknown scenario via an available_scenarios() guard (was a 500/traceback path in the handler thread).,PASS — fix verified: clean error on bad input; valid-scenario output unchanged; cargo test + release_check green
PY-06,python-script,library-only (imported by backend_api.py and inline test),"As an operator, I want SQLite migrations and trace/packet/memory persistence so backend_api can durably store and index state.","BackendStore: idempotent migrations, insert/get trace/packet/memory, latest_system_state, deferred-job indexing; seed_static_memory. No main.",Inventoried,Library-only by design.,PASS,rc=0; import-ok backend_storage,none required (passed clean in Phase 2),PASS (re-confirmed post-fix)
PY-07,python-script,library-only (imported by bridge_world_demo and inline test),"As an operator, I want design-history text ingested as low-license candidates needing human promotion so bootstrapped claims never gain runtime authority.",ingest_design_history yields hypothesis_only candidates (forbidden runtime_action); promote_candidate raises PermissionError unless human_approved; inspect partitions. No main.,Inventoried,Library-only by design.,PASS,rc=0; import-ok bootstrap_ingest,none required (passed clean in Phase 2),PASS (re-confirmed post-fix)
PY-08,python-script,python3 scripts/bridge_world_demo.py [--scenario NAME | free-text command] (default command),"As an operator, I want to run the full v0.1 cognitive loop on a command/scenario so I inspect the governed packet trace end to end.","Runs bus/verifier/planner/action/memory loop, prints each packet (header + JSON payload) + HumanExplanation; enforces license/permission gates (PermissionError on misuse).",Inventoried,Bad --scenario name raises raw FileNotFoundError; very large stdout for storm scenarios; mixed flag/free-text grammar undocumented.,PASS,rc=0; T_001 P_001 SystemStatePacket      priority=P2 lane=active goal relevance source=world_model target=language_codec license=weak_premise attention=4.53,E1 FIX: unknown --scenario now prints a clean 'unknown scenario' message listing available scenarios (was a raw FileNotFoundError traceback). Central fix in bridge_world_demo.load_scenario + private _load_scenario in ingest_experience/semantic_candidate_extractor.,PASS — fix verified: clean error on bad input; valid-scenario output unchanged; cargo test + release_check green
PY-09,python-script,python3 scripts/change_provenance.py --selftest,"As an operator, I want to verify a change_set binds literal artifact pre/post content by hash so stale or misstated deltas are rejected.","--selftest runs deterministic checks of verify_change_set_provenance (stale_pre_image, wrong_post_image, diff_digest_mismatch, structured_patch_diverges, verified); exits 0/1. Also a library.",Inventoried,No-arg run prints usage and exits 1 (can look like a failure).,PASS,rc=0; PASS  verified content change_set -> ok + derived delta,none required (passed clean in Phase 2),PASS (re-confirmed post-fix)
PY-10,python-script,library-only (imported by bridge_world_demo and inline test),"As an operator, I want a deterministic in-process priority-lane message broker so packets flow with ack/defer/dead-letter and trace replay.","InProcessBroker: subscribe/publish/poll by priority lane, ack/defer/dead_letter, trace_for, event log; ValueError on unknown priority. No main.",Inventoried,Library-only by design.,PASS,rc=0; import-ok cip_bus,none required (passed clean in Phase 2),PASS (re-confirmed post-fix)
PY-11,python-script,"python3 scripts/contradiction_audit.py --scenario NAME (contradiction_resolved_by_new_evidence, contradiction_scoped_by_context, contradiction_remains_unresolved)","As an operator, I want to replay a contradiction-repair trace so I audit repair type, scope, and that raw episodes were preserved.","Loads scenario, prints JSON (repair_type, before/after, mutation_order, raw_episodes_preserved, unresolved_visible); usage on missing flag.",Inventoried,ValueError on a non-contradiction scenario; bad scenario name raises raw FileNotFoundError.,PASS,rc=0; { || PROBE-contr-bad: rc=1 Traceback (most recent call last):,E1 FIX: unknown --scenario now prints a clean 'unknown scenario' message listing available scenarios (was a raw FileNotFoundError traceback). Central fix in bridge_world_demo.load_scenario + private _load_scenario in ingest_experience/semantic_candidate_extractor.,PASS — fix verified: clean error on bad input; valid-scenario output unchanged; cargo test + release_check green
PY-12,python-script,python3 scripts/dashboard_smoke.py (no args),"As an operator, I want to confirm the dashboard audit-surface React files exist with expected exports so the UI scaffold stays intact.","Checks ui/dashboard for 5 .tsx files each exporting the named function; exits 0 on success, SystemExit with a missing-file message on first failure.",Inventoried,Fails fast on first missing file rather than reporting all gaps.,PASS,rc=0;,none required (passed clean in Phase 2),PASS (re-confirmed post-fix)
PY-13,python-script,python3 scripts/decision_audit.py [--scenario NAME | --project [--strict] | free-text command],"As an operator, I want to reconstruct why a route decision was made (or audit the project) so the reasoning chain and blocked alternatives are explicit.","Scenario/command: JSON decision audit (decision, primary_factors, blocked_alternatives, packet_chain); --project delegates to project_self_audit and returns its exit code.",Inventoried,KeyError traceback if trace lacks expected packet types (e.g. design-only scenarios); bad scenario name raises raw FileNotFoundError.,PASS,rc=0; { || PROBE-decision-designscn: rc=1 Traceback (most recent call last):,E1+E2 FIX: clean unknown-scenario message (shared load_scenario) AND a wrong-type scenario now prints 'decision-audit: missing an expected route-decision packet ...' instead of a KeyError traceback.,PASS — fix verified: clean error on bad input; valid-scenario output unchanged; cargo test + release_check green
PY-14,python-script,python3 scripts/design_audit.py --scenario NAME (~30 design_* scenarios),"As an operator, I want to replay a design-governance trace so I audit whether a design proposal was accepted or blocked and why.","Loads scenario, prints JSON (governance_decision, derived/declared/lexical/trace effect, signature_status, proposal_consolidated, invariant_preserved, revalidation_scheduled).",Inventoried,Non-design scenario raises KeyError on RetrievalResult lookup; bad scenario name raises raw FileNotFoundError.,PASS,rc=0; { || PROBE-design-bad: rc=1 Traceback (most recent call last):,E1 FIX: unknown --scenario now prints a clean 'unknown scenario' message listing available scenarios (was a raw FileNotFoundError traceback). Central fix in bridge_world_demo.load_scenario + private _load_scenario in ingest_experience/semantic_candidate_extractor.,PASS — fix verified: clean error on bad input; valid-scenario output unchanged; cargo test + release_check green
PY-15,python-script,python3 scripts/design_signing.py --selftest,"As an operator, I want to verify Ed25519 change signatures and signer-set governance so only authorized, in-scope, unrevoked signers can authorize a change.","--selftest exercises verify_change_signature (verified, unsigned, unauthorized, payload_mismatch, revoked/expired/scope/rotation at tick); exits 0/1. Also a library.",Inventoried,No-arg run prints usage and exits 1; requires cryptography package (ImportError if absent).,PASS,rc=0; PASS  valid signature -> verified,none required (passed clean in Phase 2),PASS (re-confirmed post-fix)
PY-16,python-script,python3 scripts/effect_classifier.py (no args; runs self-test),"As an operator, I want to derive a proposal's effect on an invariant from semantic-diff evidence so self-declared effect labels cannot launder a weakening.",Runs 5 deterministic self-tests of derive_effect (weakening/consistent/unknown families) printing PASS/FAIL; exits 0/1. Also a library.,Inventoried,Self-test is the only CLI behaviour on bare invocation; no flag/usage message.,PASS,rc=0; PASS  derived=contradict  family=weakening  expected=weakening  basis=weakening_signal_on_protected_object,none required (passed clean in Phase 2),PASS (re-confirmed post-fix)
PY-17,python-script,python3 scripts/epistemic_snapshot.py [--scenario NAME | free-text command] [--strict],"As an operator, I want a live snapshot of current cognition so I can see the system's epistemic state.",Prints JSON snapshot; --strict runs strict_validate raising AssertionError if required sections/licenses/recommendation/pending-work missing.,Inventoried,--strict failure surfaces as AssertionError traceback; bad scenario name raises raw FileNotFoundError.,PASS,rc=0; {,E1 FIX: unknown --scenario now prints a clean 'unknown scenario' message listing available scenarios (was a raw FileNotFoundError traceback). Central fix in bridge_world_demo.load_scenario + private _load_scenario in ingest_experience/semantic_candidate_extractor.,PASS — fix verified: clean error on bad input; valid-scenario output unchanged; cargo test + release_check green
PY-18,python-script,library-only (imported by bridge_world_demo and inline test),"As an operator, I want governed episodic/semantic/procedural stores with contradiction indexing so retrieval returns licensed, status-tagged memory not naked facts.","GovernedMemory loads world JSON into AppendOnlyEpisodicLog, SemanticMemoryGraph, ProceduralMemoryStore, ContradictionIndex; retrieve wraps with license/status. No main.",Inventoried,Library-only by design.,PASS,rc=0; import-ok governed_memory,none required (passed clean in Phase 2),PASS (re-confirmed post-fix)
PY-19,python-script,"python3 scripts/ingest_experience.py --scenario NAME (experience_ingest_preserves_raw_episode, semantic_candidate_requires_raw_episode, raw_episode_is_append_only, malformed_experience_rejected_without_partial_state)","As an operator, I want to ingest raw experience envelopes into an append-only store so semantic candidates can only cite preserved raw episodes.","Loads scenario, ingests envelopes (rejecting malformed without partial state), prints JSON (episode_count, append_only_replace_blocked, candidate_without_raw_blocked).",Inventoried,Bad scenario name raises raw FileNotFoundError.,PASS,rc=0; { || PROBE-ingest-bad: rc=1 Traceback (most recent call last):,E1 FIX: unknown --scenario now prints a clean 'unknown scenario' message listing available scenarios (was a raw FileNotFoundError traceback). Central fix in bridge_world_demo.load_scenario + private _load_scenario in ingest_experience/semantic_candidate_extractor.,PASS — fix verified: clean error on bad input; valid-scenario output unchanged; cargo test + release_check green
PY-20,python-script,library-only (imported by bridge_world_demo and inline test),"As an operator, I want deterministic parsing of a human command into a goal packet so intent maps to engine fields without an LLM.",parse_human_command returns goal/target/urgency/evidence_requirement; assert_no_internal_prose_handoff raises on prose; LLM adapters raise NotImplementedError. No CLI.,Inventoried,Library-only by design.,PASS,rc=0; import-ok language_codec,none required (passed clean in Phase 2),PASS (re-confirmed post-fix)
PY-21,python-script,python3 scripts/mechanism_provenance.py [--verify|--build|--selftest],"As an operator, I want to verify enforcement-code content hashes and probe behavior so gate code cannot be weakened unsigned.",--verify exits 0 silently if manifest matches disk else JSON to stderr exit 1; --build writes manifest; --selftest prints PASS/FAIL.,Inventoried,No-arg run prints usage and exits 1 (graceful).,PASS,rc=0;,none required (passed clean in Phase 2),PASS (re-confirmed post-fix)
PY-22,python-script,"python3 scripts/mutation_audit.py --scenario NAME (direct_mutation_without_verifier, memory_mutation_with_low_authority_packet, valid_human_promotion_allows_invariant, degraded_action_*)","As an operator, I want to replay a scenario and audit its memory-mutation trace so authority and append-only logging are provable.","Loads scenario, prints JSON audit of mutations (decision, before/after, verifier rule, correction order); exits 0.",Inventoried,Bad/missing scenario name raises uncaught KeyError/ValueError traceback.,PASS,rc=0; { || PROBE-mut-bad: rc=1 Traceback (most recent call last):,E1 FIX: unknown --scenario now prints a clean 'unknown scenario' message listing available scenarios (was a raw FileNotFoundError traceback). Central fix in bridge_world_demo.load_scenario + private _load_scenario in ingest_experience/semantic_candidate_extractor.,PASS — fix verified: clean error on bad input; valid-scenario output unchanged; cargo test + release_check green
PY-23,python-script,library-only (imported by test.sh / other scripts),"As an operator, I want a single gateway that applies memory mutations only with valid authority so no unauthorized state change occurs.","apply_memory_mutation validates fields+authority, returns applied/target/log; rejects with reason on failed checks; ValueError on missing memory/fields.",Inventoried,Library-only by design.,PASS,rc=0; import-ok mutation_gateway,none required (passed clean in Phase 2),PASS (re-confirmed post-fix)
PY-24,python-script,"python3 scripts/planner_regret_audit.py --scenario NAME (planner_correct_under_uncertainty, planner_near_miss_requires_policy_review, planner_overconservative_waits_unnecessarily)","As an operator, I want to audit planner regret/review traces so near-miss policy updates stay scoped and reviewable.","Prints JSON of regret id/type/class, expected vs actual, review status, scoped policy update, mutation before/after; exits 0.",Inventoried,next() over missing packet types raises StopIteration traceback on unsupported scenarios; bad scenario name crashes.,PASS,rc=0; { || PROBE-planner-bad: rc=1 Traceback (most recent call last):,E1 FIX: unknown --scenario now prints a clean 'unknown scenario' message listing available scenarios (was a raw FileNotFoundError traceback). Central fix in bridge_world_demo.load_scenario + private _load_scenario in ingest_experience/semantic_candidate_extractor.,PASS — fix verified: clean error on bad input; valid-scenario output unchanged; cargo test + release_check green
PY-25,python-script,python3 scripts/project_self_audit.py [--strict|--strict-project] [--emit-health|--project],"As an operator, I want the project to audit its own design invariants through the runtime gateway so release health is governed like the bridge world.",Prints full audit JSON; --emit-health consolidates project health via gateway; --strict exits 1 if strict_audit != pass else 0.,Inventoried,none noted (no-arg runs full audit).,PASS,rc=0; {,none required (passed clean in Phase 2),PASS (re-confirmed post-fix)
PY-26,python-script,library-only (imported by test.sh / other scripts),"As an operator, I want reusable trace/packet assertions so QA gates can validate envelopes, provenance and mutation logging.","Assertion helpers (validate_packet_envelope, assert_all_actions_traced, ...) raise AssertionError on violations; no CLI.",Inventoried,Library-only by design.,PASS,rc=0; import-ok qa_checks,none required (passed clean in Phase 2),PASS (re-confirmed post-fix)
PY-27,python-script,library-only (imported by test.sh / other scripts),"As an operator, I want append-only raw experience storage so evidence is immutable before any semantic interpretation.","RawEpisodeStore: append/get/all, replace raises PermissionError; ingest_experience computes integrity digest; quarantined episodes yield no candidates. No CLI.",Inventoried,Library-only by design.,PASS,rc=0; import-ok raw_episode_store,none required (passed clean in Phase 2),PASS (re-confirmed post-fix)
PY-28,python-script,python3 scripts/recovery_replay.py --scenario NAME [--ledger PATH] [--ledger-key-file PATH] [--ledger-private-key-file PATH] [--ledger-public-key-file PATH],"As an operator, I want deterministic idempotent replay of the correction queue so rerunning never duplicates mutations and only signed ledgers suppress them.","Replays scenario through gateway, prints result JSON; persists/signs ledger when --ledger given; unsigned/forged ledgers downgrade to audit-only; exits 0.",Inventoried,Bad/missing scenario raises traceback; --ledger without path raises SystemExit message.,PASS,rc=0; {,E1 FIX: unknown --scenario now prints a clean 'unknown scenario' message listing available scenarios (was a raw FileNotFoundError traceback). Central fix in bridge_world_demo.load_scenario + private _load_scenario in ingest_experience/semantic_candidate_extractor.,PASS — fix verified: clean error on bad input; valid-scenario output unchanged; cargo test + release_check green
PY-29,python-script,library-only (imported by recovery_replay / inline test),"As an operator, I want Ed25519 sign/verify for recovery ledgers so public verification can never mint a suppressing replay identity.","generate key, sign_ledger_asymmetric, verify_asymmetric_signature returns verdict (asymmetric_signed_valid/unsigned/no_public_key/wrong_public_key/signature_invalid). No CLI.",Inventoried,Library-only by design (requires cryptography).,PASS,rc=0; import-ok replay_asymmetric_key,none required (passed clean in Phase 2),PASS (re-confirmed post-fix)
PY-30,python-script,library-only (imported by recovery_replay / inline test),"As an operator, I want HMAC-SHA256 ledger signing so only an authorized runtime can suppress a mutation on replay.",load_replay_key resolves key from file/env/none; sign_ledger/verify_signature return verdict; rejects keys <16 bytes. No CLI.,Inventoried,Library-only by design.,PASS,rc=0; import-ok replay_key,none required (passed clean in Phase 2),PASS (re-confirmed post-fix)
PY-31,python-script,library-only (imported by test.sh / other scripts),"As an operator, I want status-aware epistemic licenses on retrieved memory so degraded knowledge cannot authorize unsafe action.",Pure functions mapping status+confidence+contradictions to license/permissions/emergency-use/revalidation; wrap_retrieval_item builds the envelope. No CLI.,Inventoried,Library-only by design.,PASS,rc=0; import-ok retrieval_policy,none required (passed clean in Phase 2),PASS (re-confirmed post-fix)
PY-32,python-script,library-only (imported by test.sh / other scripts),"As an operator, I want rule-change impact tracing so downstream memories/procedures/plans get the right revalidation action.","next_rule_version (versioned supersede), trace_dependencies, impact_score, lazy_evaluation_action, evaluate_rule_change returning effects. No CLI.",Inventoried,Library-only by design.,PASS,rc=0; import-ok rule_cascade,none required (passed clean in Phase 2),PASS (re-confirmed post-fix)
PY-33,python-script,"python3 scripts/semantic_candidate_extractor.py --scenario NAME (raw_episode_generates_semantic_candidates, candidate_defaults_to_hypothesis_only, candidate_cites_raw_episode, llm_output_cannot_create_authoritative_memory, candidate_extraction_failure_preserves_raw_episode)","As an operator, I want to extract hypothesis-only candidates from raw episodes so interpretation stays downstream of immutable evidence.","Prints JSON of candidates (all hypothesis_only citing raw digest), rejected proposals, invariant flags; exits 0; LLM authority injections rejected.",Inventoried,Bad/missing scenario file raises FileNotFoundError traceback.,PASS,rc=0; { || PROBE-sce-bad: rc=1 Traceback (most recent call last):,E1 FIX: unknown --scenario now prints a clean 'unknown scenario' message listing available scenarios (was a raw FileNotFoundError traceback). Central fix in bridge_world_demo.load_scenario + private _load_scenario in ingest_experience/semantic_candidate_extractor.,PASS — fix verified: clean error on bad input; valid-scenario output unchanged; cargo test + release_check green
PY-34,python-script,library-only (imported by test.sh / other scripts),"As an operator, I want sandboxed toy-action execution with outcome recording so actions produce traceable episodes.","execute_action validates against ALLOWED_ACTIONS (ValueError otherwise), returns outcome via predict_action; record_action_outcome builds episode/candidate/trace-link. No CLI.",Inventoried,Library-only by design.,PASS,rc=0; import-ok toy_action_engine,none required (passed clean in Phase 2),PASS (re-confirmed post-fix)
PY-35,python-script,library-only (imported by test.sh / other scripts),"As an operator, I want a bridge-world planner with normal and minimax modes so route choice respects licenses, risk and evidence requirements.","build_plan returns plan (mode, route, action, fallback, risk_note, assumptions); strict evidence + degraded license forces evidence_strict_refusal. No CLI.",Inventoried,Library-only by design.,PASS,rc=0; import-ok toy_planner,none required (passed clean in Phase 2),PASS (re-confirmed post-fix)
PY-36,python-script,python3 scripts/trace_diff.py (args ignored; runs fixed self-test),"As an operator, I want protected invariants verified by behavioral probes so a reworded weakening is still caught by trace regression.","main() ignores argv, runs probe baselines + self-tests, prints PASS/FAIL; exits non-zero on any failure.",Inventoried,Accepts no flags yet has a runnable __main__; passing args silently does nothing different.,PASS,rc=0; PASS  probe=hazard_gate        baseline=reject_episode         protected=reject_episode,none required (passed clean in Phase 2),PASS (re-confirmed post-fix)
PY-37,python-script,library-only (imported by test.sh / other scripts),"As an operator, I want adjudication and verifier licensing helpers so contradictions and confidence drive epistemic licenses consistently.","adjudicate + helpers compute confidence, epistemic_license, contradictions, caveats from world/memory; reads verifier_rules.json. No CLI.",Inventoried,Library-only by design (mechanism-source hash-bound).,PASS,rc=0; import-ok verifier_engine,none required (passed clean in Phase 2),PASS (re-confirmed post-fix)
PY-38,python-script,library-only (imported by test.sh / other scripts),"As an operator, I want a structured toy-world encoder and action predictor so planning has deterministic risk/cost estimates.",encode_world_state normalizes raw state; predict_action returns risk/cost_minutes/likely_outcome from weather/damage/status. No CLI.,Inventoried,Library-only by design.,PASS,rc=0; import-ok world_encoder,none required (passed clean in Phase 2),PASS (re-confirmed post-fix)
SH-01,shell-script,./scripts/release_check.sh,"As an operator, I want one command that verifies every milestone lock so I know the whole stack is intact.",Runs lint + test + dashboard_smoke + operator_smoke + hundreds of source-grep invariant assertions + file checks; exits 0 and silent if all intact.,Inventoried,,PASS,rc=0; release_check.sh ran green at baseline (lint+test+dashboard_smoke+operator_smoke+invariant greps),none required (passed clean in Phase 2),PASS — re-confirmed green in post-fix release_check.sh run
SH-02,shell-script,./scripts/test.sh,"As an operator, I want the full Python+integration test suite so I confirm behaviour across all scenarios.","Runs every python scenario script, asserts on outputs via grep, runs the inline integration test; exits 0 on pass.",Inventoried,,PASS,"rc=0; executed inside release_check.sh baseline (full python+integration suite, all asserts pass)",none required (passed clean in Phase 2),PASS — re-confirmed green in post-fix release_check.sh run
SH-03,shell-script,./scripts/lint.sh,"As an operator, I want a fast static check so I catch syntax/JSON errors early.","py_compile all scripts+tests, json.tool-validate all schemas/simulations JSON + VERSION.json; exits 0 if clean.",Inventoried,,PASS,rc=0; executed inside release_check.sh baseline (py_compile + JSON validation clean),none required (passed clean in Phase 2),PASS — re-confirmed green in post-fix release_check.sh run
SH-04,shell-script,./scripts/operator_smoke.sh,"As an operator, I want an end-to-end smoke of the documented operator path so I catch manual drift.","Runs the documented cognitive-demo path in a temp dir, re-derives artifacts via the binary's own verify, asserts tampers refused + boundary lines verbatim; exits 0; prints OK line.",Inventoried,,PASS,rc=0; executed inside release_check.sh baseline (operator path smoke + manual-drift guard OK),none required (passed clean in Phase 2),PASS — re-confirmed green in post-fix release_check.sh run
SH-05,shell-script,./scripts/dev.sh,"As a developer, I want a quick single-scenario demo run so I can eyeball the loop.",Runs bridge_world_demo.py with a fixed 'Use Bridge A if still fastest' command; prints the trace.,Inventoried,,PASS,rc=0; T_001 P_001 SystemStatePacket      priority=P2 lane=active goal relevance source=world_model target=language_codec license=weak_premise attention=4.53,none required (passed clean in Phase 2),PASS (re-confirmed post-fix)
SH-06,shell-script,./scripts/seed_demo.sh,"As a developer, I want to seed demo data so the demo has inputs.",Prints that demo seed data already lives in simulations/bridge_world (no-op informational).,Inventoried,,PASS,rc=0; Demo seed data already lives in simulations/bridge_world.,none required (passed clean in Phase 2),PASS (re-confirmed post-fix)
UI-01,dashboard,ui/dashboard/packet_stream.tsx (exports PacketStream; validated by dashboard_smoke.py),"As an operator, I want a PacketStream dashboard audit-surface component so I can visually inspect the corresponding cognitive state.",React/TSX component exporting function PacketStream(); renders the audit surface. No build harness wired; existence+export checked by dashboard_smoke.py.,Inventoried,Static .tsx scaffold; no bundler/runtime wired in repo.,PASS,validated by dashboard_smoke.py (PY-12 rc=0): file exists and exports PacketStream,none required (passed clean in Phase 2),PASS — re-confirmed by dashboard_smoke.py (green) in post-fix run
UI-02,dashboard,ui/dashboard/trace_view.tsx (exports TraceView; validated by dashboard_smoke.py),"As an operator, I want a TraceView dashboard audit-surface component so I can visually inspect the corresponding cognitive state.",React/TSX component exporting function TraceView(); renders the audit surface. No build harness wired; existence+export checked by dashboard_smoke.py.,Inventoried,Static .tsx scaffold; no bundler/runtime wired in repo.,PASS,validated by dashboard_smoke.py (PY-12 rc=0): file exists and exports TraceView,none required (passed clean in Phase 2),PASS — re-confirmed by dashboard_smoke.py (green) in post-fix run
UI-03,dashboard,ui/dashboard/attention_view.tsx (exports AttentionView; validated by dashboard_smoke.py),"As an operator, I want a AttentionView dashboard audit-surface component so I can visually inspect the corresponding cognitive state.",React/TSX component exporting function AttentionView(); renders the audit surface. No build harness wired; existence+export checked by dashboard_smoke.py.,Inventoried,Static .tsx scaffold; no bundler/runtime wired in repo.,PASS,validated by dashboard_smoke.py (PY-12 rc=0): file exists and exports AttentionView,none required (passed clean in Phase 2),PASS — re-confirmed by dashboard_smoke.py (green) in post-fix run
UI-04,dashboard,ui/dashboard/memory_graph.tsx (exports MemoryGraph; validated by dashboard_smoke.py),"As an operator, I want a MemoryGraph dashboard audit-surface component so I can visually inspect the corresponding cognitive state.",React/TSX component exporting function MemoryGraph(); renders the audit surface. No build harness wired; existence+export checked by dashboard_smoke.py.,Inventoried,Static .tsx scaffold; no bundler/runtime wired in repo.,PASS,validated by dashboard_smoke.py (PY-12 rc=0): file exists and exports MemoryGraph,none required (passed clean in Phase 2),PASS — re-confirmed by dashboard_smoke.py (green) in post-fix run
UI-05,dashboard,ui/dashboard/verifier_view.tsx (exports VerifierView; validated by dashboard_smoke.py),"As an operator, I want a VerifierView dashboard audit-surface component so I can visually inspect the corresponding cognitive state.",React/TSX component exporting function VerifierView(); renders the audit surface. No build harness wired; existence+export checked by dashboard_smoke.py.,Inventoried,Static .tsx scaffold; no bundler/runtime wired in repo.,PASS,validated by dashboard_smoke.py (PY-12 rc=0): file exists and exports VerifierView,none required (passed clean in Phase 2),PASS — re-confirmed by dashboard_smoke.py (green) in post-fix run
